true\pred,Moldova,Romania
Moldova,0.9588138385502472,0.04118616144975288
Romania,0.009125699146305564,0.9908743008536944
