true\pred,Moldova,Romania
Moldova,0.8064250411861614,0.19357495881383854
Romania,0.18545775684427435,0.8145422431557257
