key,accuracy,balanced_accuracy,level_used,mcc,processed
result,0.5931468228150076,0.6074179222969778,0,0.1893963667287751,23054
