true\pred,Romania,Moldova
Romania,0.5772740653517809,0.422725934648219
Moldova,0.3624382207578254,0.6375617792421746
